{"entities":{"pages":{"starter":{"id":"starter","title":"HTML","url":"starter.html","level":0,"tabIndex":0},"HTML-Development-Environment":{"id":"HTML-Development-Environment","title":"HTML Development Environment","url":"html-development-environment.html","level":0,"tabIndex":1},"HTML-tags-and-their-anatomy":{"id":"HTML-tags-and-their-anatomy","title":"HTML tags and their anatomy","url":"html-tags-and-their-anatomy.html","level":0,"tabIndex":2},"Your-First-Simple-Webpage":{"id":"Your-First-Simple-Webpage","title":"Your First Simple Webpage","url":"your-first-simple-webpage.html","level":0,"tabIndex":3},"HTML-Document-Structure":{"id":"HTML-Document-Structure","title":"HTML Document Structure","url":"html-document-structure.html","level":0,"tabIndex":4},"Basic-HTML-elements":{"id":"Basic-HTML-elements","title":"Basic HTML elements","url":"basic-html-elements.html","level":0,"tabIndex":5},"Nesting-HTML-elements":{"id":"Nesting-HTML-elements","title":"Nesting HTML elements","url":"nesting-html-elements.html","level":0,"tabIndex":6},"Lists":{"id":"Lists","title":"Lists","url":"lists.html","level":0,"tabIndex":7},"Formatting-elements":{"id":"Formatting-elements","title":"HTML Formatting elements","url":"formatting-elements.html","level":0,"tabIndex":8},"HTML-Citation-Elements":{"id":"HTML-Citation-Elements","title":"HTML Citation Elements","url":"html-citation-elements.html","level":0,"tabIndex":9},"Block-VS-Inline-Elements":{"id":"Block-VS-Inline-Elements","title":"Block VS Inline Elements","url":"block-vs-inline-elements.html","level":0,"tabIndex":10},"HTML-Attributes":{"id":"HTML-Attributes","title":"HTML Attributes","url":"html-attributes.html","level":0,"tabIndex":11},"div-and-span":{"id":"div-and-span","title":"div and span","url":"div-and-span.html","level":0,"tabIndex":12},"HTML-Table":{"id":"HTML-Table","title":"HTML Tables","url":"html-table.html","level":0,"tabIndex":13},"HTML-Forms":{"id":"HTML-Forms","title":"HTML Forms","url":"html-forms.html","level":0,"tabIndex":14},"HTML-Form-Elements":{"id":"HTML-Form-Elements","title":"HTML Form Elements","url":"html-form-elements.html","level":0,"tabIndex":15},"HTML-Form-Input-Types":{"id":"HTML-Form-Input-Types","title":"HTML Form Input Types","url":"html-form-input-types.html","level":0,"tabIndex":16}}},"topLevelIds":["starter","HTML-Development-Environment","HTML-tags-and-their-anatomy","Your-First-Simple-Webpage","HTML-Document-Structure","Basic-HTML-elements","Nesting-HTML-elements","Lists","Formatting-elements","HTML-Citation-Elements","Block-VS-Inline-Elements","HTML-Attributes","div-and-span","HTML-Table","HTML-Forms","HTML-Form-Elements","HTML-Form-Input-Types"]}